Time(s),Voltage(V),Current(A)
0.306692,0.25,+3.78719100E-03
1.60217,0.5,+3.88465500E-03
