Time(s),Voltage(V),Current(A)
0,0.25,0.00409699
15,0.5,0.0215048
30,0.75,1.00713
45,1,4.97869
