Time(s),Voltage(V),Current(A)
0,0.25,0.00397864
10,0.5,0.0188176
20,0.75,0.85782
30,1,4.30118
